{
  "XGBoost": {
    "MAE": 1.2655303359,
    "RMSE": 2.3523334288,
    "R2": 0.9130561232
  },
  "Random Forest": {
    "MAE": 2.5592486244,
    "RMSE": 3.1069624853,
    "R2": 0.8483252598
  },
  "LightGBM": {
    "MAE": 3.4700403294,
    "RMSE": 4.4070245573,
    "R2": 0.6948367849
  }
}